Name,Sequence,Note
Tetrapod_10[118],GATAAAAATTAGCAATAGCTAT,Structure
Tetrapod_10[65],GAGTTTATAAATTAGCAAGGGAGGCCGATTATCCTGAGAGAACTCAATA,Structure
Tetrapod_11[126],CTTACCGAATAACCACCAGCAGAA,Structure
Tetrapod_11[137],TTTAATAATACAAAAATGAAAATA,Structure
Tetrapod_13[119],TTTTTGTTTAACGTAGAGCAAAAATGGAGCCCT,Structure
Tetrapod_13[147],GCAGCCTATTGAGTGGCAGATCTTTAATGCGCGAACGCAAA,Structure
Tetrapod_13[54],CTCGTAATTTGCCAGTTCAATAGCCATTGCCTTG,Structure
Tetrapod_13[75],AATAAACAGCCATATTACAACTATCATGGTTTGAT,Structure
Tetrapod_15[143],ATTTAAGCCCTTAAGAAAAGTAAGCA,Structure
Tetrapod_15[77],AAAACGCATAGATTAGTTGGCAAATCAACCACCGCCTGAGTAAAATCA,Structure
Tetrapod_16[83],ACGCTAATCATATTCCTGATTTGAATAAC,Structure
Tetrapod_17[144],TCAATCAAGGAAACAATA,Structure
Tetrapod_18[72],AAAATTATCACGAGCGTCTTTCCAGAGCCTACCAGAAGTATAATCCAGA,Structure
Tetrapod_18[83],CTTGCTTAGACTACCTTTTTCC,Structure
Tetrapod_19[91],GACAAAAGTATGTGAGTAATGGACCTGAATCTTACCA,Structure
Tetrapod_22[153],AACAAACTTACCGCGCCCAATAGCAAGCAAAGAAGTGATTGC,Structure
Tetrapod_25[136],CAAACAGCTTAGTTTCAGCGGAAACATTGAATGAGTTAGAGTCT,Structure
Tetrapod_27[126],TTTATAAAATATCGCCCACGCATAACCGATAGCACATTGCAAGGAG,Structure
Tetrapod_27[136],TATCCTGATACGAGTGAGATCGGTTTTGTAAATTACATAGTGAGAATGAA,Structure
Tetrapod_29[119],TTCGCATCAAAGGACGTTTAGTTCAACGATACC,Structure
Tetrapod_29[56],AGGTTGGAGGTCAAACTAAAATGTCGTCGTACAAA,Structure
Tetrapod_29[77],AGGATGCAGGTGAGACGAAAGTAAATGAACACT,Structure
Tetrapod_3[46],AAGGCTTTGATCAGAGCGGGAGCTAAACAGCCGCGTACTGAT,Structure
Tetrapod_3[94],CAGCATTGACAGGATTTAAAGGGAGCCCCCGATTTAG,Structure
Tetrapod_30[149],TTTCTTAAATCCCCATTCTGCAATGTGCGATTCGAGGTAGAAAG,Structure
Tetrapod_31[77],ACGTTAGAGGCAAATCATGAGGAAGTTTCGAGTTAAAACCA,Structure
Tetrapod_32[69],CGCTATTACGGGATCGGTCAAACAGACCAACAAAG,Structure
Tetrapod_33[144],TGTCTAACGGGTTTAATT,Structure
Tetrapod_37[125],CGCGTTTTAATTCGAAATATAATGAGATGAACAA,Structure
Tetrapod_37[91],AAGATTAAGTACGGCTGACGAGATTTAGTTGAAAGAGGAAATAAGG,Structure
Tetrapod_38[153],AAACGAAACCAAAAACATTATGACCCTGAATCTACCATTGTG,Structure
Tetrapod_39[84],CTTGCCTGCCAATACTGCGGCGGATTGCATCAAA,Structure
Tetrapod_41[151],TTCTCCGATATCATTGATTC,Structure
Tetrapod_41[161],CAGCTTTCATCAACTCATTGTTAGAAGA,Structure
Tetrapod_44[80],ATACATTCGCATTACGCCAGC,Structure
Tetrapod_46[185],ATATCTGCCACATTA,Structure
Tetrapod_47[165],AAATGTGAGTGTGGCGACTGTAGC,Structure
Tetrapod_47[45],TTGTAAAACGAAACGAGG,Structure
Tetrapod_47[70],CTTTATTATCAAACGCCGCGACCAGGAGCGGCCAGGGATGTG,Structure
Tetrapod_9[137],GAAACTGATATTATTTAC,Structure
Tetrapod_9[147],GACACCACGGAATATATTAGTTCACCAG,Structure
Tetrapod_0[108],TTATGGAACCTTTTGGGCCACGCTGGTTTGCACCCTCGCAGGTC,Structure
Tetrapod_0[129],GCTGTGAAAGTAAAAACCAGGCGAAAATCAACCGCCTATTCACA,Structure
Tetrapod_5[101],TAATCCACCAGAGCGGTGTCGAGGTGCCG,Structure
Tetrapod_5[112],GACAGAATCAAGTTGAGCCACCCCCAGCGTCTA,Structure
Tetrapod_5[132],TAGCGTCAGACTGTACCCTCAGCTGTTT,Structure
Tetrapod_6[146],CGTCAAAGGGCGATTAAGA,Structure
Tetrapod_8[104],TTAGAGCCAGCAAAAGAGTCTTACTTCAAATAC,Structure
Tetrapod_13[108],TAAGAAAATATTTTGACCCGTTGTAGCAAGTCCATCAGGCGGTC,Structure
Tetrapod_16[111],AGCTACAATTTTATAACAGTATTTGAAAGATGA,Structure
Tetrapod_16[122],ATTTGCCGTTTATTACAGTACCTTTTACATAGGCAGAACAACAT,Structure
Tetrapod_21[94],CCGTTATAAAGAACGTCTTACCTTTTTATCAGATGAGATTTTC,Structure
Tetrapod_21[114],TAAATTTCGAGCAGTAACATTTAACA,Structure
Tetrapod_21[125],AAACACCGGAATCATTGTAATTTCGGGA,Structure
Tetrapod_22[139],AAAACAAAATTATTATTTT,Structure
Tetrapod_23[105],ATATACCAGTAATATTCTGTCCAGACGATACCGCACTCATCTA,Structure
Tetrapod_24[104],TTTTATGGAGATGATCATTTTTACCGTAATTTT,Structure
Tetrapod_29[108],TGACCTACGAAGGGATTTAGGAACCCATGCAGGGATCGCTGAGG,Structure
Tetrapod_32[90],ACTATCGACATCATAACTGACCAACTGAAAAAGGAATTACGAGGACTGGA,Structure
Tetrapod_32[111],ATCGAACAAGACCCATTCAACCAGTTGAGAAAC,Structure
Tetrapod_32[122],TGCGCCTCAGATACAGGGTAAATTGGGCTTGCTGTAGCGAACGA,Structure
Tetrapod_37[105],GCCCGAAAGACTTCATGTTTTACGAGTATAGAAAG,Structure
Tetrapod_39[105],ACCAGAAAATATGTATAACAGTTGATTCGAATTAG,Structure
Tetrapod_40[96],ATCGGCCTCAGGAGCGGAGGATCTGGAAAATTAACTCTCAGGCACAGATC  T,Structure
Tetrapod_40[117],GTTTGAGGGGACGAGTAAACGTCGGAAACCAA,Structure
Tetrapod_40[139],CATCGTAACCGTGCCATCAAACGCCTGAATGAA,Structure
Tetrapod_45[101],GGGAGAGGGTACGTATTCTTGTGCAAGTTGCCATATTCACC,Structure
Tetrapod_45[112],TATTGCTAAACTGGAGCTGATGGGATTGTCGTT,Structure
Tetrapod_45[133],CGAAGTCCGTGAAGAATATGACAGACAGATGAA,Structure
Tetrapod_47[112],CAGTTCAAAATTAAGAGAGTCTGGAGCAACTCATTTT,Structure
Tetrapod_1[164],TTAGCCCCGGGTACCGAGAGTCACACCACCCTGTCACCATTTCCAG,Structure
Tetrapod_1[186],CAGATATAAGTATAGCCGTATCACGAACCGCGCCTGTAACGA,Structure
Tetrapod_14[65],CCTGAGTAGAAAGTGTTCCAGCAGGTCACGCGAA,Structure
Tetrapod_14[83],TAGTAATGGCCACCGCAACAGACACCCGCCAGCCGCCGC,Structure
Tetrapod_15[53],TTACCGCCAGATAATACACCCTCATATTAATTATCAAAAACT,Structure
Tetrapod_18[52],TTTTGAAACCATTAAATCCTTTGCCACAATTCGATT,Structure
Tetrapod_2[59],CGTGTCCAGTCTGTAAAGCCTGGGGGTTAATTTGTAAATCGT,Structure
Tetrapod_2[83],AGCTTGAGCCAGCTATACGAGCCGGAAGAAATTTAAGGT,Structure
Tetrapod_20[58],ATATCATCTTCTGACCTCATAAAGGGGAAACACGCGCGCCTTC,Structure
Tetrapod_20[72],TGGTTGCGTATGGCAATTCATCAAGAGCGGATCGTCGCATCAATACTGA,Structure
Tetrapod_21[39],ATATATTTTATGCCTAACTCACTGGCGTATTAGAC,Structure
Tetrapod_23[39],ATTATTTGCAGCTGATGGTCAATAAGGAAGGTGGC,Structure
Tetrapod_23[52],AAAACTGATTGTTTGGATGAACAAACCCTTAGACCTCAAAAAA,Structure
Tetrapod_23[60],AATAAAGAAAGTTATATATCATAGAGCCGGCTGCGCGTTACA,Structure
Tetrapod_25[66],ACCGGGAGAATGGTAGGTCGGAAATGATTAGCGTCCACTAAAATCC,Structure
Tetrapod_25[88],CCCTAAATGCACTTCCGCTCGAATACTCCTCACTCCAAGATGGTG,Structure
Tetrapod_30[62],CTACAACCACCCTCACCCTCAGTACTGGGGAAAGCACCG,Structure
Tetrapod_30[83],GAGTTTCCAGAGCCGGCCGCTGGGGTCAAATCCTCGCC,Structure
Tetrapod_31[53],TCTAAAGTTTCACTCATCTTTGAGACACTATGGGGTAATTC,Structure
Tetrapod_32[51],ATCATCGCCTACAAAGTCCCC,Structure
Tetrapod_36[38],TTAAAAAATCAGGTCTTTTTATTAGGAACCAGATCAAAAAGTTTGG,Structure
Tetrapod_36[59],ATTGCTATTATAGTCAGAGCATTTTCCGCCTCAATCGGCATTAAAG,Structure
Tetrapod_38[52],CGCATAGGCTGGAACGAGCTCGTTTAACGGCTAAGA,Structure
Tetrapod_38[72],TGAACGGTGTTCATAAGAAGAGCAGACTAAAGATCGTCAGA,Structure
Tetrapod_39[42],ACCCAAACTCAAATAAGTTTTCTGAATTGATGATATGCT,Structure
Tetrapod_39[63],CTGCTCAATAAATATAGTAAACCAGAATTAATAAGGGA,Structure
Tetrapod_4[150],GCCAGCGCGTTTTCATCGAGCAAAGAATCGTCTTCAGTGCAGA,Structure
Tetrapod_4[170],GAACGGTCATAGCCCCCACCCTGAAATCCCCTCAACGTAGG,Structure
Tetrapod_4[65],GGGCGGAAACGTCACCACATTACCTCAGTGAAACATCAAACAGGA,Structure
Tetrapod_4[79],AATCCCTGAGTAATGAATCGGCCACTGTCGTCGGGGAAGTCTGAGCTGT,Structure
Tetrapod_6[160],AACGTGGAAGAGAATTTTAACTTTGCGGGACTTTTAGAATACTGGGTTC,Structure
Tetrapod_6[181],AACAAGAGGGGTTTCAGGAGTGCAGCGAACAGAGGCTTTGACACAACGG,Structure
Tetrapod_7[154],GTTCCGACCTCAGAATTAAAGATGTTTAGCATAGTGGAACCGTACGCAT,Structure
Tetrapod_7[175],CTTATAAAGCCACCGCAGTCTGCCAGAGCATAACCGCGCAGATTGT,Structure
Tetrapod_7[46]_nondocking_mid_arm,GGGCAACAGCTATGGTTTGTAGCGCAAATGAATATCAAATTTGAGGACAA,mid arm position structure
Tetrapod_7[60],TGCGGGAGAGGCGGTTTCCCGCTTGCGAGAAGTGAATTTAA,Structure
Tetrapod_7[68],ACCGCCTGGGCGCCGCAACCACCTGCCACGTCTGGTCAGAGCCGTACAA,Structure
Tetrapod_8[86],CCAGTAGCACATGAAACGCTT,Structure
Tetrapod_12[177],ATAAACAGGGAAGCGCATTTGGGAACAAGTAACACCACCAGCAGC,Structure
Tetrapod_14[188],CGTGGCATAGAAAAACTCCTTTTTAACCTGTAAAGGTGTTTG,Structure
Tetrapod_15[182],GGACATTATTGAGCAACCGAGTTTTTGTATACAGAAAAGTAA,Structure
Tetrapod_20[164],ATCGTAGTATCATATGCGTTTGATTAAACGTGCAAGTATCGGATTGCGA,Structure
Tetrapod_23[168],TTTGAATTTAATTGAGATAAGTTTGTATAGATCAATGTTCGG,Structure
Tetrapod_25[193],CGACAAAACATATAGATTTTTTATACAGTAGGGCACCAAGTCAATTAC,Structure
Tetrapod_28[177],GTTTGAATTTCGCGTCGTTTGAGCTTGGCTAACAAGTCACGAGTTGGG,Structure
Tetrapod_30[188],TTTAATTAATTATTGATGAAGTTTTCCTGAAGCATGTAATATAGATTTTA,Structure
Tetrapod_31[182],ATAATAATCAAACATGTGCAGTTTTTGGTAAATTTGACCATT,Structure
Tetrapod_36[163],GGAGAAGCAAACTCCAATTTGGAGGGACAATCAACAGACAAATAAAAG,Structure
Tetrapod_39[168],AATTACCGTCATTTGGTCAATTTTATTACGCAGAAGGAGCTA,Structure
Tetrapod_41[60],AGGTCCGGCACCGCTTCTTTCGAGGCGAGGCTTATTCA,Structure
Tetrapod_44[170],GCCTTCGCCATCTCATATTTATAAAAAGAGAAGCAGTC,Structure
Tetrapod_46[55],CTGCAAGAACTGTTCATGACGTTTTTTACGACAAGAAACTCA,Structure
Tetrapod_47[175],ATTACAGGGGTGAGCCCCGGTTTTGAGCTGATTAGCTACCTT,Structure
Tetrapod_9[193],TATTTCAACCGATTGAGTTTCAGGTCAATAAGAGTTATGCGACGTTGG,Structure
Tetrapod_11[155],GATAGCCACAAGATTACAGAGAGAATATTAGGTCACGTTGGTGTAGGGCC,Structure
Tetrapod_14[167],GAATGGCAGTTTATTAGCAAACGTAGAAAATATTTACATTTCGCAAATTT  GC,Structure
Tetrapod_15[161],TCACACGGATAACCCGAACAATTAATATTTTGTTAAAATTCGTA,Structure
Tetrapod_16[176],GCGAACCTCCCGACTTGCGGTTCCAGCTTGCGATCGGAAAGGGTGCCAAG,Structure
Tetrapod_19[143],CAGAGCCAACAAATTACTAGAAAAATTACTCGCGGGGATTTATTAGA,Structure
Tetrapod_22[174],CTGAGCAAAATCAGGAAACCAATCAATAATCGTTCAGAGCAGGCAATGGG  GA,Structure
Tetrapod_23[150],ACGGTAACAACACGCGCCTTATGAAGGTTTATAAGTCTATGAG,Structure
Tetrapod_24[168],ATTACATAACAATCCTCGCTTGCCTGTTCCATATTATTCGCCATGATGA,Structure
Tetrapod_27[154],GAGCAAATGTTTCTAGATAACGCTTGTGTTAGCAGCGTGAGTATTACGGC  A,Structure
Tetrapod_30[167],GCTTGCTGAAATGATCGGCATACAAATATTCCTTTGTTTATCAACAATAG  A,Structure
Tetrapod_31[161],GAACAACATCTTACAAGATTGTTTGGATGAACGGGAAAGAAACTG,Structure
Tetrapod_33[179],CGGTTTTTAGAATGGGAAGACTCCTGTTTTCTTGTTGGGAGACATCAG,Structure
Tetrapod_35[143],TGACATTGCTGGCTTCAAAGCGAACTTATTAAAGGTGAATTATCAAAA,Structure
Tetrapod_38[174],GAAGAAATAATACTGCATCAATTCTACTAATATTGTCAATCATATGTAAA  AG,Structure
Tetrapod_39[150],TCAAGAGCTTACATTAGATTCATACATAAAGGTGGCAACAGCCC,Structure
Tetrapod_40[181],GATTGACCGTAATGGGATTTACATAAATCAGAGAACCAGTATATTTTT,Structure
Tetrapod_41[179],AATATTTAAATTGTAAACGTTTTAGTTACCAGTATGTTTTGTCAAGGTAA,Structure
Tetrapod_42[79],CGTCCTCTTCAGATCGCACTCCAGTTGAGGTTTTGAAGCCTTAGGAA,Structure
Tetrapod_43[151],AAACACCATCACGGAAACCAGTTTTTATCAAGCACTGCACTGGCGGT,Structure
Tetrapod_43[49],GATTGTGCTGGAACTGCTTGGCGTTATATAGAGCTGATACCCCAAT,Structure
Tetrapod_45[46],AGCAAAATCAAAACTCAACGTTAAAATGCGAGTATTTAAAGGATTTATCA,Structure
Tetrapod_46[73],TGGCGTGCGGGGAAGCGGTTGCTGTCTTTCCTTATCATAATG,Structure
Tetrapod_47[157],AGCAGTCAAATCTAGCATTTGTAGTAGCATTAACATCCAGTT,Structure
Tetrapod_8[168],ATATTGACGGAAATTATTCTTCAGACCGTGGCTTACTTTAATGTTAATA,Structure
Tetrapod_0[97],CAATTCCACACAACGCGCACTAAATCGGAACCCTCCCGCTCA,Structure
Tetrapod_2[139],AGTAACAGTGCCCGTAGGCCTTGAACCCTCATGCCTT,Structure
Tetrapod_3[119],AGACGATTTAAACAGTTGAAACATTTCCTGTGTGAAATTG,Structure
Tetrapod_3[140],AACAAATAGTGCCTTGGGCTGAGTCGTAATCATGGTCATA,Structure
Tetrapod_6[90],TAAAATAGAGTTGCAGCAAACCACCACCAGGCCATCGATAGCAGCACCG,Structure
Tetrapod_6[118],TCAGTTTATTATTCTAATGCCCCCTGCCTAGGTTGAGAGAGCCGCAGTAG  C,Structure
Tetrapod_8[115],CCATTTATTAAAAATACCGAACGATACCGTCACCGACTTGAG,Structure
Tetrapod_10[97],AGTATTAAAGTTGAAAAGCACTAATTTATCCCAATCCAAA,Structure
Tetrapod_14[125]_nondocking_vertex,AAAACATCGCCAAGCTCAATCGTCTGGAAACAATGAAACTAAACGAT,vertex position structure
Tetrapod_15[98],CTACATCTTTAGGGGAATTGAGGAAGGTTCAGAGGTGACGCAAATTGGGA  A,Structure
Tetrapod_18[104],AATCAATAGTAAAGTAAAGAGAAGTGATAAATAAGGCGT,Structure
Tetrapod_18[132],CGGGTATTAAACCAAGCGACAATAAGGCATTAAGAAT,Structure
Tetrapod_19[133],GTTCAGCTTCCAAGAACATCGTAAATCAAGATTAGTTGCT,Structure
Tetrapod_22[111],ATTTCACAGAGAACAAGCAATGCACCC,Structure
Tetrapod_23[84],AGGTTTTAAACCTCCGGCTTATGGTTTGAAATACCGA,Structure
Tetrapod_24[125],AACTCGCTACGGCGCCCGACAATGACAACAACCGATTATCTG,Structure
Tetrapod_26[97],CTTGCAGGCATTAAACACCTAAATATCTGCATATGATGTC,Structure
Tetrapod_30[125],GATAGTTGCGCAATTGCTAAACAACTCTGAAACGACATCAGCTGGCA,Structure
Tetrapod_31[98],CTGTATGGCACCAGGGTAAAATACGTAATTATTCGGTAGCAAGCGGTTTT  G,Structure
Tetrapod_34[111],CAAAATATGCAGATACTCATTCCACAACTAAAGAGGAA,Structure
Tetrapod_35[84],TAGCGTTCTGGAAGTTATAACGCCATACCACGTTAGTA,Structure
Tetrapod_35[133],GTAGATTTAATAAATCGCTAAATTGACCTGGAAGAGTTTC,Structure
Tetrapod_38[111],ATTCATTATAAGCAATAAAGGCAGTTA,Structure
Tetrapod_38[132],CATTATGCATAAAATACAGGCAAGGCAAACCAATTCTGCTCAACAAATAT,Structure
Tetrapod_42[118],TTAACAGAGGTTCGACATTGCCTTGCCGGAGTAAGCG,Structure
Tetrapod_43[91],ACAAAGGCTATCAGGTAGTGAGCGACTTATCACGACAGT,Structure
Tetrapod_46[118],CAGGGTTAGCAATAGGAACGCATCTGCCA,Structure
Tetrapod_46[139],CGAAGAAATAATTATTTTTGTTAAATCAGACAAGAGACCGTTCTAAAGCA  A,Structure
Tetrapod_47[91],CTCATGGCTATTTTTGAGCAAAGGTGTTATCTCGGAT,Structure
Tetrapod_47[133],AGATGGTATTCAAATCGATGAACGGTAATCGCATTAACGCGTCTATGGGC  G,Structure
Tetrapod_0[37],TGAGCTAACTCACATCGGCTTT,Structure
Tetrapod_1[19],TTTCGGCTACCATTAATTGGCGAAAGGACATCGGCTTT,Structure
Tetrapod_3[192],CGTTATCACCGCGTTTGCCATCTTTTCCATCGGCTTT,Structure
Tetrapod_4[38],GCACACCAGTGGGGCGCCAGGGTGGTTCATCGGCTTT,Structure
Tetrapod_4[211],TTTCGGCTACATAATCAAACCAGTAAGCCATCGGCTTT,Structure
Tetrapod_6[192],TTCCGAATAGCCCGAGATAGCATCGGCTTT,Structure
Tetrapod_9[19],TTTTCGTAATCATCAAGGAACGGTACAAAGCATCAGAACTACTAATGCTTTT,Structure
Tetrapod_10[44],TCTGCCAGAAAAGGGATTTTAGACAGGAACTACTAATGCTTTT,Structure
Tetrapod_12[44],TAGCCAGAACAAACTATCGGCCTTGCGAACTACTAATGCTTTT,Structure
Tetrapod_12[211],TTTACCCTGAACACGGAATAC TTT,Structure
Tetrapod_17[19],TTTTTGAGTAACTAGCGATAG TTT,Structure
Tetrapod_20[184],ACAAATTCTTACCAGTATAGAACTACTAATGCT TTT,Structure
Tetrapod_20[211],TTTTCGTAATCATCAAGAAGCCAACGAATAATATCGAACTACTAATGCT   TTT,Structure
Tetrapod_22[184],TTTTACAAAATCGCGCAGAGAACTACTAATGCTTTT,Structure
Tetrapod_25[19],TTTTCGTAATCATCAAGAGTACCGCCCATCGGAACGAACTACTAATGCT   TTT,Structure
Tetrapod_26[44],CAGACCCTCACGTACTCAGGAGGTTTGAACTACTAATGCTTTT,Structure
Tetrapod_28[44],AGCTAGCGTAGCATTCCACAGACAGCGAACTACTAATGCTTTT,Structure
Tetrapod_28[211],TTTGTAGTGTCACTCCATGCATTT,Structure
Tetrapod_33[19],TTTACCTGCTCCAAAACCAAATTT,Structure
Tetrapod_36[184],TTGGGATTAGAGAGTACCTGAACTACTAATGCT TTT,Structure
Tetrapod_36[211],TTTTCGTAATCATCAAGTTAATTGCTTATTTTCATGAACTACTAATGCTTTT,Structure
Tetrapod_38[184],AGGATTTTAAGAACTGGCTGAACTACTAATGCTTTT,Structure
Tetrapod_41[19],TTTCGGCTACGCCATTCGCGCAGACCTTCATCGGCTTT,Structure
Tetrapod_41[39],CAGGGAAACCAGGCAAAGCCATCGGCTTT,Structure
Tetrapod_44[211],TTTCGGCTACAATGTGTAGGCCCCAAAACATCGGCTTT,Structure
Tetrapod_46[34],TAACGCCAGCATCGGCTTT,Structure
Tetrapod_47[193],AATAAAAATGCGCATCGGCTTT,Structure
Tetrapod_8[213],TTTAGACAAAAGGGCGACAGGTTTACAAAGCGTACAGAGATAGAACCCTTTT,Structure
Tetrapod_10[213],TTTCCAAAAGAACTGGCATAATAATAAAAGTCAGGAGAATTAACTGAACTTT,Structure
Tetrapod_24[214],TTTACTTGCCCTCTCTGTAGTACGGTCTCCAAAACGTTGAAAATCTCCATTT,Structure
Tetrapod_37[16],TTTGAATGACCATAAATCAACAGTTCACCGGATTTCATCAAGAGTAATCTTT,Structure
Tetrapod_0[214],TTTCGGCTACGCCGTCGAGAGGGTTGTACCAGGTTG,Structure
Tetrapod_2[214],TTTCGGCTACGTCATACATGGCTTTTTAC,Structure
Tetrapod_3[16],TTTCGGCTACGCGGGCGCTAGGGCGCGAAGAAACGTTGCGTGAG,Structure
Tetrapod_5[16],TTTCGGCTACGCTTTCCTCGTTAGAACGA,Structure
Tetrapod_6[214],TTTCGGCTACGGTTGAGTGCGGATAAGTCATCGGCTTT,Structure
Tetrapod_8[213],TTTAGACAAAAGGGCGACAGGTTTACAAAGCGTACAGAGATAGAACCCT,Structure
Tetrapod_10[213],TTTCCAAAAGAACTGGCATAATAATAAAAGTCAGGAGAATTAACTGAAC,Structure
Tetrapod_11[16],TTTTCGTAATCATCAAGCCTTGCTGAAATCCTTGAGAAGACAAATCCTCAA,Structure
Tetrapod_13[16],TTTTCGTAATCATCAAGACTTTACAACGAACGTTTTTGCGTATACTTCAAA,Structure
Tetrapod_14[214],TTTTCTGACCTGCAGCGCCAATTT,Structure
Tetrapod_15[16],TTTTCGTAATCATCAAG  TGGTAATATAAGTATTAG  GAACTACTA  ATGCT  TTT,Structure
Tetrapod_19[16],TTTCTTAGATTAAGACGCTGAAAACAATTATCATATTAATTTTAAAAG  T,Structure
Tetrapod_21[16],TTTACGCGAGAAAACTTTTAATCGCAACCATATCTGAATAATGGAAGG  G,Structure
Tetrapod_22[214],TTTTCGTAATCATCAAGGGCGAATTATCCGGTATTGAACTACTAATGCTTTT,Structure
Tetrapod_23[16],TTTTTAGAACCTAGACAAAGATTT,Structure
Tetrapod_24[214],TTTACTTGCCCTCTCTGTAGTACGGTCTCCAAAACGTTGAAAATCTCC  A,Structure
Tetrapod_27[17],TTTTCGTAATCATCAAGGAGGGTAGCACCAGACGCAAAAGGCT TTT,Structure
Tetrapod_30[214],TTTAAAAAAAGGGGAAACGATTTT,Structure
Tetrapod_39[16],TTTTTGACAAGAAGAAAACGATTT,Structure
Tetrapod_46[214],TTTCGGCTACCCGCCTGAAACCCGTCGGCATCGGCTTT,Structure
Tetrapod_16[214],TTTTCGTAATCATCAAGCTAAGAACGTTTTGGTGCCGCTGCGCGCGATTAACGTTT,Structure
Tetrapod_18[214],TTTTCGTAATCATCAAGCCATCCTAATTTACTGGGGCACCATCATATTGCAAACTTT,Structure
Tetrapod_34[214],TTTTCGTAATCATCAAGTTGGGGCGCTTTTGATAATAGCAAATGTGAGCGAACGGCGTTT,Structure
Tetrapod_40[214],TTTCGGCTACATTCTCCGTTTTTTAGACGGAGGGTACTGGCCAAAGAATATTT,Structure
Tetrapod_42[214],TTTCGGCTACACAGGAAGATTTGAAACGCGATTAAGTTCATTT,Structure
Tetrapod_43[16],TTTCGGCTACTTCCATGAATTTATCCGGTTTATGTAATCATTT,Structure
Tetrapod_7[16]_docking_a,TTTCGGCTACTTTCTTTTCGTATAACGTCATCGGCTTTCCTCCTCCTCCTCCT,docking strand a
Tetrapod_31[16]_docking_b,TTTTCGTAATCATCAAGCCTCATAGTGATTATACCGAACTACTAATGCTTTTCCTCCTCCTCCTCCT,docking strand b
Tetrapod_38[214]_docking_c,TTTTCGTAATCATCAAGCATTATACCCTTTATTTCGAACTACTAATGCTTTTCCTCCTCCTCCTCCT,docking strand c
Tetrapod_28_47[16]_docking_d,TTTCGGCTACGGTTTTCCCGTAGGGAAACATCGGCTTTCCTCCTCCTCCTCCT,docking strand d
Tetrapod_29[17]_biotin_b1,/5Biosg/TTTTCGTAATCATCAAGAAGCGCGAAGATAAATTTAGCCGGCTGACCATTCATT,biotinylated strand b1
Tetrapod_35[16]_biotin_b2,TTTATAGCGAGAGGCTTTTGACGATAATGTTACTGTGTCGAAATCCGCGTTT/3Bio/,biotinylated strand b2
Tetrapod_32[215]_biotin_c1,/5Biosg/TTTTCGTAATCATCAAGAACGCAAGGTTTTATTTTATTCAAAACGCAACAGCT,biotinylated strand c1
Tetrapod_44[191]_biotin_c2,AGAAATGCAATGCCTGAGTCATCGGCTTT/3Bio/,biotinylated strand c2
Tetrapod_8_45[16]_biotin_d1,/5Biosg/TTTCGGCTACCTGCGTGTTTTTTCTTCACACCGTACTTTTTTCAGGAGCC,biotinylated strand d1
Tetrapod_26[214]_biotin_d2,TTTGACATCACGAAGGTGTGTCTTGTGATGATGAGCGATGCCAGAGTCTTTT/3Bio/,biotinylated strand d2
Tetrapod_7[16]_nondocking_a,TTTCGGCTACTTTCTTTTCGTATAACGTCATCGGCTTT,structure at position docking strand a (nondocking a)
Tetrapod_31[16]_nondocking_b,TTTTCGTAATCATCAAGCCTCATAGTGATTATACCGAACTACTAATGCTTTT,structure at position docking strand b (nondocking b)
Tetrapod_38[214]_nondocking_c,TTTTCGTAATCATCAAGCATTATACCCTTTATTTCGAACTACTAATGCTTTT,structure at position docking strand c (nondocking c)
Tetrapod_47[16]_nondocking_d,TTTCGGCTACGGTTTTCCCGTAGGGAAACATCGGCTTT,structure at position docking strand d (nondocking d)
Tetrapod_29[17]_nonbiotin_b1,TTTTCGTAATCATCAAGAAGCGCGAAGATAAATTTAGCCGGCTGACCATTCATT,structure at position biotinylated strand b1 (nonbiotinylated b1)
Tetrapod_35[16]_nonbiotin_b2,TTTATAGCGAGAGGCTTTTGACGATAATGTTACTGTGTCGAAATCCGCGTTT,structure at position biotinylated strand b2 (nonbiotinylated b2)
Tetrapod_32[215]_nonbiotin_c1,TTTTCGTAATCATCAAGAACGCAAGGTTTTATTTTATTCAAAACGCAACAGCT,structure at position biotinylated strand c1 (nonbiotinylated c1)
Tetrapod_44[191]_nonbiotin_c2,AGAAATGCAATGCCTGAGTCATCGGCTTT,structure at position biotinylated strand c2 (nonbiotinylated c2)
Tetrapod_45[16]_nonbiotin_d1,TTTCGGCTACCTGCGTGTTTTTTCTTCACACCGTACTTTTTTCAGGAGCC,structure at position biotinylated strand d1 (nonbiotinylated d1)
Tetrapod_26[214]_nonbiotin_d2,TTTGACATCACGAAGGTGTGTCTTGTGATGATGAGCGATGCCAGAGTCTTTT,structure at position biotinylated strand d2 (nonbiotinylated d2)
Tetrapod_14[125]_docking_vertex,AAAACATCGCCAAGCTCAATCGTCTGGAAACAATGAAACTAAACGATTTTCCTCCTCCTCCTCCT,vertex docking strand
Tetrapod_7[46]_docking_mid_arm,GGGCAACAGCTATGGTTTGTAGCGCAAATGAATATCAAATTTGAGGACAATTTCCTCCTCCTCCTCCT,mid arm docking strand
short,GCCGATGGTAGCCG,short staple scaffold
long,AGCATTAGTAGTTCCTTGATGATTACGA,long staple scaffold
Tetrapod_7[16]_dimer_connector_monomer_1,GTACGGTCAACGGCTACTTTCTTTTCGTATAACGTCATCGGCGTACGGTC  AA,dimerization connector strands for monomer 1
Tetrapod_5[16]_dimer_connector_monomer_1,GTACGGTCAACGGCTACGCTTTCCTCGTTAGAACGA,dimerization connector strands for monomer 1
Tetrapod_3[16]_dimer_connector_monomer_1,GTACGGTCAACGGCTACGCGGGCGCTAGGGCGCGAAGAAACGTTGCGTGA  G,dimerization connector strands for monomer 1
Tetrapod_15[16]_dimer_connector_monomer_1,GTACGGTCAATCGTAATCATCAAGTGGTAATATAAGTATTAGGAACTACTAATGCT,dimerization connector strands for monomer 1
Tetrapod_21[16]_dimer_connector_monomer_1,ACGTTAGCATACGCGAGAAAACTTTTAATCGCAACCATATCTGAATAATGGAAGGG,dimerization connector strands for monomer 1
Tetrapod_23[16]_dimer_connector_monomer_1,ACGTTAGCATTTAGAACCTAGACAAAGAACGTTAGCAT,dimerization connector strands for monomer 1
Tetrapod_19[16]_dimer_connector_monomer_1,ACGTTAGCATCTTAGATTAAGACGCTGAAAACAATTATCATATTAATTTTAAAAGT,dimerization connector strands for monomer 1
Tetrapod_13[16]_dimer_connector_monomer_1,ACGTTAGCATTCGTAATCATCAAGACTTTACAACGAACGTTTTTGCGTATACTTCAAA,dimerization connector strands for monomer 1
Tetrapod_7[16]_dimer_connector_monomer_2,ATGCTAACGTCGGCTACTTTCTTTTCGTATAACGTCATCGGCATGCTAACGT,dimerization connector strands for monomer 2
Tetrapod_5[16]_dimer_connector_monomer_2,ATGCTAACGTCGGCTACGCTTTCCTCGTTAGAACGA,dimerization connector strands for monomer 2
Tetrapod_3[16]_dimer_connector_monomer_2,ATGCTAACGTCGGCTACGCGGGCGCTAGGGCGCGAAGAAACGTTGCGTGAG,dimerization connector strands for monomer 2
Tetrapod_15[16]_dimer_connector_monomer_2,ATGCTAACGTTCGTAATCATCAAGTGGTAATATAAGTATTAGGAACTACTAATGCT,dimerization connector strands for monomer 2
Tetrapod_14_21[16]_dimer_connector_monome  r_2,TTGACCGTACACGCGAGAAAACTTTTAATCGCAACCATATCTGAATAATGGAAGGG,dimerization connector strands for monomer 2
Tetrapod_23[16]_dimer_connector_monomer_2,TTGACCGTACTTAGAACCTAGACAAAGATTGACCGTAC,dimerization connector strands for monomer 2
Tetrapod_19[16]_dimer_connector_monomer_2,TTGACCGTACCTTAGATTAAGACGCTGAAAACAATTATCATATTAATTTT  AAAAGT,dimerization connector strands for monomer 2
Tetrapod_13[16]_dimer_connector_monomer_2,TTGACCGTACTCGTAATCATCAAGACTTTACAACGAACGTTTTTGCGTATACTTCAAA,dimerization connector strands for monomer 2
Tetrapod_7[16]_no_dimerization,TTTCGGCTACTTTCTTTTCGTATAACGTCATCGGCTTT,no dimerization strands
Tetrapod_5[16]_no_dimerization,TTTCGGCTACGCTTTCCTCGTTAGAACGA,no dimerization strands
Tetrapod_3[16]_no_dimerization,TTTCGGCTACGCGGGCGCTAGGGCGCGAAGAAACGTTGCGTGAG,no dimerization strands
Tetrapod_15[16]_no_dimerization,TTTTCGTAATCATCAAG  TGGTAATATAAGTATTAGGAACTACTAATGCTTTT,no dimerization strands
Tetrapod_14_21[16]_no_dimerization,TTTACGCGAGAAAACTTTTAATCGCAACCATATCTGAATAATGGAAGGG,no dimerization strands
Tetrapod_23[16]_no_dimerization,TTTTTAGAACCTAGACAAAGATTT,no dimerization strands
Tetrapod_19[16]_no_dimerization,TTTCTTAGATTAAGACGCTGAAAACAATTATCATATTAATTTTAAAAGT,no dimerization strands
Tetrapod_13[16]_no_dimerization,TTTTCGTAATCATCAAGACTTTACAACGAACGTTTTTGCGTATACTTCAAA,no dimerization strands
